Draw Number,Main 1,Main 2,Main 3,Main 4,Main 5,Main 6,Supp 1,Supp 2
4581,1,6,10,17,19,28,14,35
4579,11,13,22,26,30,36,24,45
4577,5,7,9,23,27,45,13,36
4575,5,13,33,35,36,37,10,18
4573,9,19,31,37,40,44,5,11
4571,1,18,25,35,38,45,4,16
4569,16,27,29,30,34,43,2,40
4567,1,7,21,32,38,42,13,24
4565,10,14,19,21,28,44,23,33
4563,3,6,13,17,22,45,29,31
4561,3,10,23,27,42,43,6,18
4559,1,3,17,21,36,41,24,30
4557,11,16,29,34,42,45,14,18
4555,3,13,15,16,27,30,19,33
4553,2,16,18,28,29,38,4,25
4551,3,6,11,12,13,37,2,44
4549,2,5,26,28,31,39,7,8
4547,8,18,19,31,41,43,9,11
4545,6,15,25,35,40,42,20,38
4543,1,7,8,12,18,41,16,32
4541,8,12,15,21,28,34,3,44
4539,7,11,15,19,34,45,32,42
4537,6,8,18,19,29,38,15,45
4535,8,10,19,23,31,33,13,42
4533,4,12,26,29,40,41,31,34
4531,9,18,25,27,38,44,7,23
4529,6,7,11,21,30,35,13,29
4527,1,7,11,13,16,35,5,14
4525,8,13,16,30,39,41,28,38
4523,3,6,17,25,40,42,7,28
4521,5,6,8,29,38,44,1,9
4519,5,6,30,37,39,43,17,45
4517,1,3,6,10,18,42,5,40
4515,1,25,29,35,42,43,19,31
4513,5,15,22,26,33,43,4,11
4511,2,8,10,21,28,45,27,30
4509,13,15,18,24,27,30,26,41
4507,15,19,29,34,37,40,6,44
4505,6,21,24,29,32,42,25,30
4503,6,14,22,32,34,38,19,41
4501,7,13,15,16,20,38,26,41
4499,4,6,15,20,32,39,1,30
4497,5,8,42,43,44,45,24,32
4495,1,3,15,23,25,41,11,45
4493,4,10,37,38,42,45,15,36
4491,10,11,12,13,41,45,28,40
4489,4,11,20,27,37,45,10,15
4487,17,23,25,29,30,31,6,14
4485,1,2,18,21,24,36,14,27
4483,3,4,15,20,26,44,7,35
4481,10,21,24,30,44,45,28,31
4479,2,22,35,37,38,40,9,44
4477,12,23,34,36,38,40,8,30
4475,3,13,14,24,30,32,33,40
4473,5,21,22,28,39,42,13,29
4471,8,10,22,35,36,38,11,23
4469,9,13,20,26,32,43,14,34
4467,17,20,21,31,41,44,18,37
4465,5,12,14,26,29,42,9,41
4463,1,7,20,26,34,39,8,10
4461,6,16,19,25,43,44,4,14
4459,1,3,16,18,19,25,7,33
4457,5,6,14,36,37,45,28,31
4455,9,12,15,42,43,44,18,36
4453,1,12,16,17,19,32,27,34
4451,3,17,28,35,40,44,26,33
4449,2,3,11,17,25,31,15,24
4447,5,8,15,18,19,30,7,26
4445,16,17,26,38,39,42,32,37
4443,7,11,22,25,28,34,32,35
4441,1,2,12,13,20,42,3,15
4439,3,11,19,22,23,29,20,30
4437,5,8,13,24,29,36,15,40
4435,11,22,27,33,35,37,1,8
4433,8,33,37,39,40,41,2,35
4431,12,13,17,34,36,42,38,41
4429,2,3,11,23,38,39,22,35
4427,1,20,24,31,37,39,19,41
4425,8,12,13,17,39,41,27,32
4423,9,11,25,32,33,44,2,20
4421,10,14,21,22,23,42,7,11
4419,17,20,30,36,37,44,4,19
4417,7,8,15,16,26,31,6,44
4415,1,2,23,24,28,30,29,39
4413,1,5,14,15,34,42,40,45
4411,12,13,14,18,30,35,2,43
4409,2,7,12,29,30,31,9,33
4407,7,10,11,23,24,38,4,14
4405,18,23,25,28,35,37,8,16
4403,6,20,27,29,43,45,9,36
4401,4,13,16,21,29,45,6,11
4399,11,23,27,28,37,41,1,2
4397,7,9,11,14,15,29,17,23
4395,9,16,32,37,40,41,26,30
4393,6,10,18,32,33,37,21,23
4391,14,16,24,34,41,44,21,30
4389,5,10,30,32,34,42,19,45
4387,1,2,18,24,36,43,9,31
4385,3,14,32,37,42,45,17,20
4383,1,5,14,26,32,33,8,37
4381,18,25,31,32,37,39,12,34
4379,5,26,29,34,37,41,31,42
4377,6,7,19,21,26,38,13,36
4375,4,8,21,29,30,37,38,45
4373,8,24,27,36,39,41,22,26
4371,2,11,12,23,42,43,7,44
4369,1,12,24,26,37,41,25,45
4367,7,8,22,28,34,37,1,23
4365,2,8,11,12,25,32,16,22
4363,6,22,23,24,33,36,18,34
4361,2,8,13,17,30,35,5,34
4359,4,15,16,18,35,45,11,17
4357,4,29,32,34,38,41,11,27
4355,4,16,23,31,39,43,17,18
4353,4,6,9,11,13,40,18,20
4351,5,10,25,36,39,45,8,40
4349,8,9,10,14,39,42,12,31
4347,1,6,15,21,43,44,34,42
4345,1,4,9,10,29,42,7,17
4343,1,9,13,32,33,34,8,15
4341,4,12,13,15,29,45,2,27
4339,8,11,16,24,30,34,18,21
4337,4,7,19,20,21,22,16,17
4335,11,27,31,34,39,45,5,28
4333,7,24,27,30,39,44,5,38
4331,9,10,11,23,32,40,5,17
4329,11,19,30,37,39,45,3,21
4327,2,9,11,17,18,38,37,41
4325,11,20,23,35,42,45,8,38
4323,4,7,8,24,32,39,17,34
4321,3,8,28,36,37,41,9,16
4319,6,14,22,24,35,44,10,39
4317,4,8,10,12,15,39,37,45
4315,12,14,22,29,31,45,11,36
4313,9,12,14,23,31,43,13,29
4311,3,6,12,18,31,35,9,34
4309,12,19,26,29,39,45,13,15
4307,3,6,7,9,22,42,13,16
4305,7,17,21,24,35,41,5,23
4303,5,7,11,12,24,40,15,28
4301,17,20,23,33,37,45,18,22
4299,9,20,25,30,32,40,34,35
4297,5,7,10,14,34,41,4,44
4295,4,7,9,21,23,25,6,11
4293,2,8,11,31,32,45,14,41
4291,3,6,10,18,21,39,41,43
4289,2,3,6,23,41,42,24,39
4287,6,16,34,35,37,42,18,40
4285,1,15,20,29,35,38,8,31
4283,14,15,24,31,33,39,4,40
4281,8,12,17,21,26,42,13,35
4279,3,20,24,32,38,40,5,31
4277,8,11,19,23,35,37,34,42
4275,6,23,30,37,43,44,1,45
4273,10,15,17,31,37,42,7,11
4271,6,16,18,20,25,36,33,39
4269,1,11,22,27,34,37,43,44
4267,10,11,19,21,39,45,25,35
4265,7,8,13,17,23,25,31,42
4263,15,17,19,28,32,33,2,24
4261,5,9,13,23,38,41,4,43
4259,15,20,25,27,35,39,9,21
4257,6,7,11,13,17,45,23,43
4255,3,8,10,20,36,42,9,45
4253,3,23,31,33,39,45,17,20
4251,11,12,14,15,23,37,20,42
4249,1,8,19,31,35,40,15,38
4247,1,4,6,15,21,27,19,41
4245,2,8,13,21,22,33,10,27
4243,10,24,32,34,38,43,6,25
4241,4,29,35,37,40,41,21,27
4239,2,16,18,19,30,40,9,28
4237,3,7,16,23,26,34,17,35
4235,1,5,18,20,23,34,9,35
4233,13,35,36,37,42,43,5,15
4231,2,9,10,11,22,37,6,40
4229,8,9,22,23,34,40,13,17
4227,1,12,14,21,39,43,19,32
4225,3,11,19,33,38,42,13,39
4223,3,17,20,24,27,29,9,18
4221,8,14,15,20,32,43,31,35
4219,6,19,21,30,31,42,15,38
4217,1,19,25,29,36,44,21,35
4215,6,12,27,35,37,39,2,19
4213,8,24,31,39,44,45,21,41
4211,3,5,27,34,41,45,10,24
4209,9,17,20,21,25,33,4,19
4207,17,22,26,29,32,40,12,21
4205,11,15,28,30,33,39,19,35
4203,4,16,26,29,30,32,37,43
4201,9,10,16,22,26,32,17,38
4199,2,7,17,26,27,38,1,19
4197,18,22,24,34,40,42,19,37
4195,13,17,26,28,33,44,18,38
4193,6,28,29,33,36,40,26,43
4191,5,6,15,18,36,43,24,29
4189,8,10,17,23,26,34,36,41
4187,14,29,31,33,44,45,19,26
4185,17,19,21,22,23,30,32,43
4183,6,19,34,35,40,43,22,45
4181,3,9,13,19,24,28,29,35
4179,5,11,12,22,28,36,1,9
4177,13,16,18,32,33,41,9,19
4175,12,16,26,27,30,40,13,15
4173,2,14,30,32,35,38,10,45
4171,22,23,28,30,34,38,16,20
4169,2,7,27,33,37,42,10,20
4167,1,24,26,32,34,36,7,27
4165,12,14,30,34,40,41,15,27
4163,5,13,15,28,37,45,1,43
4161,1,11,24,32,33,44,20,35
4159,2,7,16,28,30,42,22,35
4157,6,7,9,13,23,27,1,33
4155,5,15,16,19,20,41,4,21
4153,2,4,9,26,31,41,18,25
4151,5,14,18,22,31,42,1,8
4149,2,4,8,31,32,44,35,36
4147,5,13,17,33,38,44,22,35
4145,7,8,20,22,26,42,14,16
4143,1,21,31,38,39,41,6,43
4141,2,4,12,23,24,35,15,37
4139,8,9,13,19,22,32,15,25
4137,15,17,22,27,37,40,2,4
4135,11,16,26,32,39,42,6,30
4133,4,6,24,35,42,45,36,38
4131,3,5,9,26,35,41,28,45
4129,1,3,4,22,42,43,24,25
4127,3,6,8,10,12,24,36,45
4125,3,6,15,20,30,31,2,26
4123,1,6,8,10,29,40,31,42
4121,4,12,14,17,22,33,25,28
4119,7,9,20,22,34,45,10,12
4117,5,7,14,16,17,44,26,31
4115,2,5,11,21,30,32,25,42
4113,9,16,26,35,39,41,13,33
4111,14,16,35,38,40,43,1,33
4109,1,9,11,24,32,41,15,38
4107,10,18,20,34,35,37,7,41
4105,2,21,27,37,39,42,7,11
4103,6,15,23,26,27,45,2,29
4101,1,3,7,8,15,35,5,10
4099,4,13,19,26,27,34,6,15
4097,3,23,30,31,38,45,19,40
4095,5,8,12,14,16,38,3,17
4093,5,12,24,26,34,37,2,3
4091,3,11,21,24,29,38,36,40
4089,1,7,22,28,36,42,11,14
4087,1,8,14,23,26,41,12,33
4085,12,27,28,31,36,39,6,24
4083,2,3,13,32,37,38,29,36
4081,13,16,20,25,40,44,4,28
4079,2,7,9,16,33,43,20,34
4077,13,16,29,34,35,41,12,45
4075,1,11,17,18,34,42,19,43
4073,8,9,23,29,38,42,13,17
4071,6,9,16,32,37,44,11,12
4069,2,18,21,22,35,43,10,37
4067,22,26,27,29,32,38,30,42
4065,17,31,33,35,39,42,36,41
4063,15,19,24,28,35,41,23,30
4061,9,11,17,19,22,29,14,21
4059,3,17,29,32,34,38,12,28
4057,3,10,18,19,22,27,41,42
4055,3,15,19,22,25,44,1,42
4053,1,21,25,30,32,45,31,38
4051,4,11,16,17,19,26,15,25
4049,7,21,22,35,38,39,34,44
4047,10,14,16,18,31,43,4,35
4045,3,15,17,23,34,38,18,31
4043,23,24,29,39,40,41,5,37
4041,5,10,11,14,26,27,35,37
4039,11,19,22,33,36,39,7,18
4037,3,7,10,16,37,43,20,23
4035,10,19,26,27,31,33,9,43
4033,8,13,27,40,41,42,3,4
4031,3,7,28,33,34,40,1,38
4029,3,12,29,30,31,38,22,45
4027,8,11,15,16,23,29,7,25
4025,3,4,11,21,24,39,34,40
4023,17,19,24,36,38,44,2,39
4021,1,10,17,24,29,33,5,26
4019,10,17,19,24,36,38,22,40
4017,3,10,12,24,34,35,38,40
4015,11,17,18,20,37,41,15,36
4013,11,16,33,38,40,42,12,45
4011,1,13,19,31,37,39,5,33
4009,18,23,28,30,35,37,4,33
4007,1,9,31,34,39,40,17,37
4005,1,13,16,25,30,32,17,22
4003,10,16,20,22,30,38,14,42
4001,7,14,25,30,37,45,6,34
3999,11,22,28,31,32,34,14,21
3997,1,10,25,27,28,36,14,18
3995,1,2,10,12,21,42,13,40
3993,2,7,28,29,31,45,6,38
3991,18,21,26,39,41,43,33,35
3989,6,8,16,17,27,33,26,28
3987,4,12,20,33,34,36,10,23
3985,4,11,18,20,22,41,12,44
3983,14,29,32,33,40,43,12,24
3981,7,20,27,38,39,41,9,43
3979,1,8,10,14,23,36,7,15
3977,7,14,15,17,36,41,20,24
3975,4,9,10,11,32,33,23,29
3973,6,19,23,24,28,35,29,38
3971,1,6,9,37,38,39,11,45
3969,3,5,28,32,38,44,25,27
3967,11,13,23,27,35,38,5,8
3965,2,8,12,18,30,42,14,39
3963,5,16,18,22,36,41,1,7
3961,15,18,23,30,41,44,1,5
3959,5,14,21,33,35,42,7,40
3957,5,10,11,12,29,41,13,21
3955,8,18,24,39,41,42,5,16
3953,1,22,24,36,39,42,12,41
3951,6,9,20,25,27,31,2,36
3949,1,11,18,29,35,44,28,38
3947,2,6,8,36,39,45,5,13
3945,17,27,28,32,34,44,8,22
3943,7,8,23,24,27,33,15,41
3941,1,16,21,26,39,41,2,6
3939,9,14,16,18,20,36,7,19
3937,16,18,19,21,22,25,4,41
3935,4,8,10,12,38,39,6,13
3933,5,8,26,27,31,33,11,22
3931,9,29,32,33,37,39,11,27
3929,1,8,12,15,31,42,32,36
3927,16,17,21,27,29,43,37,40
3925,5,10,38,39,40,43,4,24
3923,13,19,20,21,25,37,27,33
3921,18,19,26,27,38,43,15,22
3919,9,11,13,16,17,21,33,38
3917,1,5,12,21,24,45,2,15
3915,8,18,19,36,38,42,4,39
3913,8,10,11,15,26,45,28,37
3911,5,11,15,23,35,45,17,43
3909,3,18,20,24,26,34,32,42
3907,2,9,17,30,33,39,22,41
3905,5,9,14,29,41,43,15,37
3903,23,28,32,33,35,39,5,42
3901,2,6,23,25,26,43,7,9
3899,5,24,25,27,31,38,18,20
3897,7,10,20,24,29,37,32,42
3895,6,18,19,26,30,31,16,25
3893,1,21,22,23,38,44,17,20
3891,3,5,12,14,35,36,15,42
3889,9,13,16,17,32,37,6,14
3887,5,14,15,38,42,45,8,22
3885,3,6,10,34,37,40,15,18
3883,1,2,7,22,34,40,15,26
3881,2,9,10,13,16,25,17,19
3879,9,21,26,29,32,44,2,28
3877,1,3,7,15,44,45,26,34
3875,19,22,24,25,42,43,4,14
3873,5,10,14,16,36,43,18,19
3871,5,15,18,29,31,35,9,36
3869,6,17,19,26,37,38,2,10
3867,1,8,15,20,23,44,11,18
3865,12,14,24,25,35,38,36,39
3863,21,27,29,31,37,40,6,11
3861,2,4,14,15,16,24,18,33
3859,6,11,12,32,40,45,10,20
3857,1,6,18,23,29,43,3,35
3855,1,14,20,25,26,40,3,24
3853,9,10,18,31,35,41,16,26
3851,2,8,12,22,26,45,1,38
3849,7,10,22,25,26,36,30,43
3847,7,14,17,19,24,37,2,23
3845,10,21,25,29,38,40,7,22
3843,6,9,21,33,39,42,19,40
3841,6,12,14,17,31,38,32,34
3839,10,22,28,34,42,45,3,11
3837,13,29,33,35,38,43,15,41
3835,11,12,17,31,42,44,3,19
3833,7,9,10,17,18,38,20,35
3831,6,7,8,17,23,35,29,30
3829,8,15,23,27,43,44,11,35
3827,10,19,23,30,33,39,17,34
3825,26,32,33,35,38,41,27,45
3823,2,4,22,31,34,44,25,27
3821,2,21,29,35,36,45,40,44
3819,1,5,14,15,19,30,20,28
3817,3,8,13,30,31,35,17,25
3815,2,7,16,23,27,44,25,28
3813,11,12,13,23,24,27,22,31
3811,1,4,7,11,32,40,26,29
3809,2,5,9,14,31,34,7,13
3807,1,6,16,19,36,45,5,11
3805,3,12,31,32,35,44,13,14
3803,6,9,27,30,35,37,4,14
3801,8,11,13,21,23,34,24,42
3799,1,5,26,28,39,45,12,44
3797,14,17,28,30,34,36,44,45
3795,8,14,16,23,25,44,2,9
3793,4,6,18,31,36,44,1,10
3791,6,19,26,28,40,42,33,36
3789,18,19,27,30,38,43,16,21
3787,4,7,17,22,26,30,41,44
3785,1,13,17,38,40,44,22,31
3783,13,22,30,34,42,45,39,44
3781,6,13,18,25,34,39,9,42
3779,7,13,15,18,31,34,17,27
3777,1,19,20,22,32,34,3,33
3775,6,8,13,40,44,45,2,16
3773,5,10,20,29,41,45,7,26
3771,12,21,28,35,40,42,4,9
3769,16,17,21,22,23,44,2,30
3767,11,15,20,27,38,45,18,42
3765,3,9,23,30,39,45,7,17
3763,7,11,14,16,26,45,34,35
3761,1,7,11,20,21,32,22,26
3759,28,30,31,34,42,43,4,25
3757,11,22,27,32,42,44,7,39
3755,1,11,22,25,41,44,9,23
3753,11,18,22,24,26,33,19,28
3751,6,10,18,19,32,36,1,13
3749,1,5,13,29,32,43,38,40
3747,5,19,25,30,33,34,1,2
3745,12,14,20,22,24,44,6,32
3743,9,21,27,30,32,35,20,31
3741,15,17,18,24,42,45,35,36
3739,6,10,11,15,29,33,5,25
3737,1,16,21,30,35,40,2,7
3735,8,9,16,26,39,41,28,31
3733,3,10,23,29,34,37,1,24
3731,11,13,18,21,24,30,15,27
3729,3,15,26,32,40,44,16,41
3727,3,7,25,27,32,38,21,28
3725,16,20,24,32,34,37,4,45
3723,16,20,23,28,35,39,4,27
3721,1,10,15,23,36,43,2,34
3719,1,10,15,31,36,39,11,32
3717,9,12,15,18,28,34,1,44
3715,7,22,29,33,36,44,5,45
3713,21,25,28,30,33,37,3,36
3711,3,18,41,42,43,45,2,21
3709,4,16,22,34,36,38,3,26
3707,6,10,19,28,37,40,8,33
3705,14,17,30,37,41,43,5,38
3703,9,12,21,22,30,41,20,27
3701,7,19,20,22,40,41,5,35
3699,4,11,16,18,31,40,17,38
3697,4,5,9,24,34,39,15,29
3695,8,17,18,29,36,42,11,33
3693,5,20,25,33,34,36,27,42
3691,10,11,18,26,39,44,15,16
3689,18,19,27,29,38,45,32,35
3687,1,12,14,16,24,40,20,31
3685,1,3,12,18,22,38,34,40
3683,9,23,24,34,38,43,13,37
3681,15,20,23,33,39,42,22,36
3679,16,22,35,37,39,42,29,43
3677,2,8,21,22,31,40,28,30
3675,2,3,6,21,26,38,22,35
3673,6,14,22,26,35,37,10,31
3671,11,12,18,25,34,45,13,37
3669,3,8,9,12,18,27,4,39
3667,5,7,9,13,18,27,25,42
3665,7,23,28,32,36,40,39,41
3663,4,5,13,18,25,34,23,31
3661,8,16,23,34,42,45,3,44
3659,11,14,16,37,41,45,1,32
3657,6,12,15,19,23,31,8,22
3655,27,32,33,37,40,45,22,38
3653,4,7,10,15,22,32,6,38
3651,1,3,7,12,24,32,2,10
3649,13,17,21,25,33,38,11,18
3647,5,12,16,20,31,41,10,29
3645,4,7,10,17,28,31,12,23
3643,1,2,13,20,39,44,4,7
3641,4,10,25,32,39,45,22,26
3639,3,12,26,27,38,43,16,44
3637,1,21,34,35,37,42,11,26
3635,5,11,13,14,37,39,12,32
3633,4,10,13,21,33,34,14,30
3631,1,3,14,24,31,35,8,17
3629,2,20,22,24,27,30,10,26
3627,3,10,27,32,34,36,20,26
3625,1,3,11,29,36,42,26,33
3623,3,6,18,21,23,41,16,30
3621,7,11,12,23,29,36,9,33
3619,5,9,17,24,32,43,21,31
3617,8,10,16,24,28,31,2,4
3615,1,3,8,16,28,37,5,30
3613,2,11,20,26,39,45,19,33
3611,3,5,18,21,22,38,27,45
3609,5,17,22,26,30,42,19,36
3607,2,8,25,27,28,43,6,32
3605,4,26,33,39,40,43,32,41
3603,5,20,25,28,29,45,21,30
3601,20,24,33,41,44,45,12,29
3599,1,3,11,13,22,24,29,30
3597,2,18,20,25,30,36,5,11
3595,3,10,31,40,44,45,37,38
3593,5,9,25,34,35,36,29,42
3591,3,6,11,24,33,34,1,4
3589,6,7,8,11,31,40,22,30
3587,15,18,28,32,40,42,7,14
3585,1,9,17,18,24,34,26,36
3583,6,9,10,11,35,37,15,31
3581,6,10,21,28,37,42,14,39
3579,4,6,17,31,38,39,23,37
3577,10,14,19,20,27,37,13,29
3575,1,15,18,29,37,40,8,30
3573,2,7,10,13,23,24,8,21
3571,1,5,7,8,15,39,30,34
3569,3,6,7,21,22,43,14,39
3567,5,12,13,17,22,26,4,44
3565,4,5,16,29,32,44,19,37
3563,16,17,21,29,38,42,11,27
3561,5,13,27,31,37,42,18,30
3559,11,18,26,27,37,39,5,30
3557,4,13,18,27,30,36,5,32
3555,6,12,23,26,28,36,27,43
3553,1,13,24,28,29,33,14,20
3551,6,10,15,16,17,29,18,33
3549,7,8,13,20,23,32,26,34
3547,3,11,13,29,38,42,15,19
3545,14,23,24,28,41,45,5,43
3543,8,15,25,30,31,44,4,14
3541,15,17,29,30,32,39,21,41
3539,8,10,22,27,39,44,20,25
3537,8,20,36,38,43,45,16,29
3535,15,29,31,32,33,39,12,22
3533,16,20,23,36,38,43,13,19
3531,1,2,31,38,39,45,26,34
3529,10,15,16,26,30,45,12,21
3527,4,13,27,29,31,32,34,36
3525,6,15,18,23,35,43,16,44
3523,5,7,12,20,29,42,11,30
3521,4,14,16,18,26,27,5,10
3519,3,7,13,21,24,30,4,27
3517,1,24,34,40,44,45,16,20
3515,13,16,17,18,25,29,26,27
3513,2,11,12,16,24,39,42,43
3511,7,9,17,26,42,43,24,29
3509,3,6,24,40,41,44,25,26
3507,1,11,14,33,37,45,22,41
3505,5,10,11,24,39,41,3,18
3503,16,22,24,35,37,42,29,36
3501,9,19,30,33,41,44,35,36
3499,9,15,19,26,33,36,4,45
3497,10,12,30,34,42,44,1,32
3495,1,10,16,30,33,41,28,32
3493,4,19,24,25,27,34,33,41
3491,18,21,35,38,39,43,13,27
3489,7,16,20,33,39,43,3,41
3487,6,8,9,19,21,41,2,34
3485,6,11,16,17,21,44,18,40
3483,1,5,13,36,38,39,4,23
3481,18,28,31,36,41,42,13,27
3479,1,5,14,23,31,42,10,44
3477,4,9,13,37,42,43,1,23
3475,16,19,20,22,27,35,23,24
3473,9,15,21,24,30,42,1,2
3471,11,12,17,36,38,44,9,31
3469,5,7,8,9,27,34,23,31
3467,3,11,13,21,42,44,26,32
3465,6,20,22,29,32,44,38,41
3463,1,6,16,20,25,36,24,33
3461,1,12,22,27,38,40,20,32
3459,1,5,10,14,29,33,9,22
3457,4,10,17,27,34,43,18,26
3455,2,14,24,37,40,44,18,33
3453,11,29,30,40,41,43,2,4
3451,2,3,15,16,18,24,25,31
3449,23,26,27,30,31,41,16,38
3447,7,10,12,26,30,36,15,32
3445,5,7,12,28,40,45,20,37
3443,4,8,13,27,28,42,6,26
3441,1,3,15,19,42,44,36,37
3439,5,7,14,20,31,39,18,27
3437,1,17,20,40,42,44,5,30
3435,1,12,28,31,32,34,8,24
3433,11,13,16,19,27,35,24,36
3431,1,19,20,36,38,41,10,29
3429,1,13,20,26,37,45,22,27
3427,11,13,28,37,43,45,26,27
3425,8,9,22,25,36,42,28,33
3423,10,13,16,22,39,45,2,9
3421,1,12,14,19,37,41,7,23
3419,12,20,24,32,39,45,3,29
3417,3,7,17,23,25,26,10,15
3415,13,18,20,21,28,45,23,41
3413,1,22,24,29,36,39,6,45
3411,10,21,22,26,29,41,25,27
3409,4,12,18,19,29,33,17,43
3407,13,33,36,38,39,43,20,41
3405,3,19,27,38,40,42,12,17
3403,4,13,33,35,39,45,14,29
3401,8,12,15,25,26,45,23,28
3399,6,27,28,32,39,40,1,34
3397,6,15,17,21,22,42,18,30
3395,11,16,32,40,41,45,7,28
3393,30,35,36,37,42,43,5,14
3391,1,9,10,13,27,39,15,28
3389,7,14,23,27,38,40,4,8
3387,5,6,10,28,32,40,29,37
3385,17,22,24,25,26,40,13,30
3383,1,3,10,17,20,35,24,34
3381,4,9,14,22,42,45,11,21
3379,3,7,28,31,38,41,15,37
3377,24,27,30,37,43,45,21,22
3375,5,7,20,30,31,39,9,22
3373,5,8,15,32,36,39,9,42
3371,2,16,20,27,28,32,7,8
3369,2,5,23,32,40,43,34,35
3367,9,13,16,21,33,44,11,20
3365,5,20,27,31,37,42,3,38
3363,3,9,33,34,39,41,8,38
3361,6,8,11,21,27,31,19,30
3359,1,13,21,27,34,37,15,45
3357,1,2,5,16,19,42,10,37
3355,3,11,20,28,34,40,25,39
3353,1,11,12,15,25,36,17,33
3351,15,18,26,28,39,41,11,42
3349,12,15,16,37,42,45,6,9
3347,5,27,33,35,42,45,4,16
3345,8,18,21,23,27,37,6,22
3343,1,14,24,26,30,37,10,20
3341,6,25,27,29,38,41,43,45
3339,1,3,9,12,22,29,18,37
3337,5,9,14,27,37,40,18,38
3335,3,8,19,26,29,43,7,11
3333,11,22,25,26,31,42,1,8
3331,13,17,18,20,21,43,5,36
3329,1,4,15,16,17,21,40,42
3327,7,8,10,25,28,42,35,39
3325,12,15,30,37,40,44,16,45
3323,1,15,16,20,31,36,2,38
3321,3,6,14,16,25,31,9,35
3319,16,30,32,35,38,41,39,45
3317,2,12,13,20,30,35,1,7
3315,8,15,18,33,40,43,14,25
3313,7,10,28,34,41,44,8,14
3311,2,4,6,9,37,44,18,23
3309,19,20,21,23,25,43,2,8
3307,4,29,33,40,41,43,2,3
3305,2,3,12,13,16,30,5,17
3303,4,24,25,29,32,43,26,38
3301,7,10,12,28,44,45,3,35
3299,11,13,18,20,42,43,12,30
3297,6,8,13,29,34,39,9,20
3295,1,6,16,17,18,34,13,33
3293,8,29,30,33,36,41,9,23
3291,5,18,29,31,44,45,12,38
3289,6,12,25,36,39,43,8,18
3287,4,11,14,16,19,25,18,34
3285,2,6,11,15,31,34,16,30
3283,20,28,30,31,32,37,1,34
3281,7,14,15,25,35,37,3,20
3279,1,4,10,17,29,45,5,38
3277,5,7,9,16,20,41,6,11
3275,6,13,16,33,36,41,4,15
3273,11,17,25,30,40,41,32,42
3271,17,26,30,32,42,43,6,12
3269,5,8,11,20,29,33,28,38
3267,1,4,25,27,40,41,26,37
3265,7,12,20,31,38,43,6,25
3263,5,6,25,33,34,44,23,31
3261,10,25,26,27,32,35,12,16
3259,2,11,13,15,26,40,30,32
3257,18,20,23,32,40,42,3,33
3255,9,10,16,25,32,34,40,44
3253,1,17,19,32,34,45,22,38
3251,2,11,19,23,32,34,10,39
3249,4,5,7,15,35,38,1,30
3247,9,19,24,28,29,31,5,15
3245,4,17,21,27,28,30,8,25
3243,10,11,15,30,34,36,16,19
3241,21,22,27,31,32,38,10,16
3239,16,19,20,37,39,43,3,27
3237,1,27,28,33,37,42,17,29
3235,3,6,7,9,23,43,14,25
3233,17,30,36,41,42,45,20,35
3231,2,15,21,31,37,38,6,29
3229,8,30,32,33,37,40,14,34
3227,2,16,19,29,30,31,10,11
3225,16,18,25,35,36,40,2,21
3223,1,4,16,26,27,32,31,40
3221,6,17,18,31,36,43,13,33
3219,10,13,22,36,37,38,28,42
3217,9,12,28,29,32,41,2,21
3215,1,2,14,16,19,45,23,30
3213,7,9,12,15,27,40,4,11
3211,4,5,12,23,31,33,3,9
3209,1,2,15,16,21,28,35,40
3207,7,8,13,18,25,43,4,17
3205,17,26,27,28,30,38,7,23
3203,2,6,26,29,41,43,1,7
3201,17,27,29,39,42,45,8,10
3199,4,10,21,30,41,42,27,34
3197,20,21,26,32,41,43,6,22
3195,4,5,11,12,14,31,6,16
3193,12,14,18,19,30,38,29,42
3191,3,13,14,32,37,38,17,29
3189,3,13,17,21,25,35,4,9
3187,3,10,20,28,40,41,11,17
3185,22,28,31,32,40,43,26,37
3183,2,9,14,22,31,33,12,30
3181,13,16,18,19,23,28,8,37
3179,19,29,30,33,44,45,6,13
3177,7,8,28,33,38,41,4,37
3175,1,4,7,9,12,30,28,41
3173,6,11,12,24,26,36,27,43
3171,9,18,29,32,33,41,27,45
3169,2,9,13,18,26,44,1,7
3167,9,12,22,28,41,42,24,27
3165,9,18,23,24,33,36,4,34
3163,4,5,10,17,22,40,8,38
3161,2,6,12,18,44,45,28,32
3159,11,12,15,20,32,33,14,19
3157,7,19,28,29,43,45,24,27
3155,8,12,18,21,24,30,33,37
3153,7,18,22,37,38,39,23,27
3151,19,25,30,38,42,44,4,20
3149,7,10,11,14,37,39,20,40
3147,8,10,12,21,37,42,33,40
3145,10,20,21,25,38,39,4,43
3143,1,7,21,22,23,27,29,40
3141,4,8,16,32,33,34,26,29
3139,3,24,26,30,32,39,4,8
3137,8,13,15,22,33,34,10,41
3135,4,6,9,27,39,43,16,34
3133,2,5,9,16,23,31,34,38
3131,1,4,22,24,31,33,6,10
3129,11,16,17,29,35,38,24,34
3127,15,32,34,36,41,45,39,40
3125,6,10,14,17,39,40,3,5
3123,10,11,12,15,22,28,5,13
3121,1,6,14,19,32,42,10,34
3119,3,11,17,30,36,38,15,42
3117,1,19,22,23,27,45,3,38
3115,1,9,11,13,33,35,22,30
3113,8,13,15,19,27,43,16,34
3111,4,10,18,22,31,45,24,40
3109,12,24,26,28,39,44,4,36
3107,1,7,15,33,35,40,39,45
3105,5,10,13,25,32,37,24,41
3103,1,14,18,22,23,29,28,39
3101,3,4,11,13,41,45,8,39
3099,10,14,24,30,40,41,2,8
3097,1,14,23,34,41,42,27,37
3095,2,6,7,8,18,21,11,24
3093,4,13,17,21,38,40,18,32
3091,12,19,22,26,32,33,1,8
3089,1,4,21,23,24,43,10,32
3087,1,5,14,23,41,45,2,8
3085,4,9,10,26,38,44,23,40
3083,5,11,19,30,42,45,18,24
3081,2,11,15,19,20,25,1,13
3079,3,15,17,21,34,43,16,41
3077,10,12,23,26,27,31,4,24
3075,5,6,19,23,35,38,18,22
3073,10,11,13,19,24,41,3,17
3071,4,11,12,22,29,38,30,41
3069,4,13,25,26,42,44,15,22
3067,10,16,18,26,32,33,12,19
3065,9,10,12,13,39,43,1,31
3063,2,12,15,24,35,37,5,40
3061,7,19,21,25,38,42,27,32
3059,14,15,26,27,35,41,23,38
3057,15,24,25,28,30,39,7,45
3055,4,6,7,27,31,45,15,20
3053,12,23,31,34,39,43,1,9
3051,15,19,28,36,39,41,11,34
3049,1,11,24,26,32,36,8,14
3047,8,9,29,33,37,42,1,3
3045,12,22,24,26,31,38,19,29
3043,7,18,31,35,40,44,15,38
3041,5,11,15,36,42,44,1,4
3039,1,20,28,35,36,44,3,21
3037,3,9,11,29,30,34,10,38
3035,1,8,11,16,31,38,15,33
3033,2,12,13,29,31,40,21,25
3031,5,28,35,39,40,41,21,36
3029,4,14,25,35,41,43,6,28
3027,6,13,16,24,30,33,34,43
3025,2,11,17,19,39,40,14,20
3023,17,23,30,38,40,42,15,24
3021,1,6,10,15,26,40,4,36
3019,2,5,10,22,37,38,21,23
3017,5,11,13,16,25,29,37,43
3015,1,7,11,21,23,43,20,35
3013,5,13,24,26,28,41,20,25
3011,2,12,19,22,30,40,11,39
3009,7,8,16,17,27,40,11,43
3007,4,6,13,15,18,35,8,16
3005,7,21,34,39,42,43,3,4
3003,20,24,25,29,31,34,5,44
3001,4,5,12,18,20,25,7,37
2999,5,6,22,32,36,43,25,34
2997,15,17,27,33,40,43,24,44
2995,12,18,21,22,33,38,2,28
2993,9,13,16,23,27,33,21,42
2991,10,12,15,26,29,40,3,39
2989,7,17,24,31,42,43,35,36
2987,4,18,21,24,28,41,33,34
2985,20,26,29,31,33,40,12,30
2983,1,13,18,33,36,37,11,22
2981,1,7,14,34,41,45,15,21
2979,8,11,23,25,27,42,20,33
2977,12,13,15,21,22,43,11,42
2975,8,13,15,18,29,38,1,36
2973,14,27,32,33,36,41,6,35
2971,6,8,18,20,36,45,29,39
2969,5,12,16,33,34,42,30,32
2967,6,9,11,24,28,42,36,37
2965,2,3,5,7,9,23,26,41
2963,1,2,24,25,31,34,23,44
2961,1,10,26,31,32,44,38,45
2959,11,19,28,36,37,40,17,29
2957,4,16,19,23,28,44,33,41
2955,2,9,13,23,26,36,16,25
2953,1,14,21,29,33,36,4,25
2951,6,24,29,30,37,44,9,35
2949,2,14,16,23,34,39,12,17
2947,2,10,22,24,26,44,5,31
2945,2,6,13,14,25,32,31,33
2943,3,16,18,32,39,42,19,40
2941,1,7,13,16,30,40,22,23
2939,2,20,24,29,33,41,13,19
2937,4,21,30,35,42,43,31,45
2935,9,11,20,29,34,39,31,36
2933,4,23,30,35,36,43,15,18
2931,7,11,32,37,38,40,16,24
2929,1,18,28,30,37,43,2,11
2927,14,19,29,33,39,40,16,22
2925,5,16,24,27,28,40,8,29
2923,5,14,16,25,35,38,36,39
2921,2,5,6,8,12,13,14,40
2919,5,9,20,29,33,37,12,24
2917,1,13,25,38,43,45,6,10
2915,9,14,20,24,25,38,5,26
2913,1,15,17,33,34,37,32,44
2911,13,19,22,29,36,42,23,45
2909,19,20,31,36,43,45,34,35
2907,6,26,33,34,40,45,1,22
2905,6,8,18,25,27,37,10,28
2903,3,14,15,19,25,44,16,26
2901,8,13,14,22,24,31,2,40
2899,1,5,38,41,42,45,14,32
2897,3,13,17,32,38,44,43,45
2895,3,5,8,14,30,34,6,9
2893,1,2,10,27,41,43,42,44
2891,1,8,34,37,38,42,23,40
2889,5,21,22,25,27,38,8,43
2887,3,13,18,19,29,38,9,12
2885,6,17,20,26,38,41,3,13
2883,2,6,12,34,39,41,28,36
2881,17,21,22,24,28,34,6,35
2879,8,10,13,17,26,33,6,35
2877,5,6,20,23,24,26,28,29
2875,2,5,18,20,27,37,6,43
2873,4,5,15,18,30,34,8,13
2871,18,24,31,32,41,44,4,14
2869,4,9,27,37,42,45,18,36
2867,8,12,16,19,22,42,28,40
2865,17,25,28,34,37,45,8,23
2863,6,16,24,26,36,41,25,43
2861,18,20,22,27,28,40,8,24
2859,7,10,11,21,34,40,3,22
2857,1,2,10,15,17,21,16,28
2855,6,18,30,37,43,44,11,23
2853,1,11,15,28,35,39,24,33
2851,14,22,28,34,39,40,18,33
2849,7,11,14,25,31,32,6,26
2847,5,11,21,23,30,35,17,39
2845,21,22,24,30,32,45,1,38
2843,1,9,12,30,38,42,14,26
2841,10,15,17,18,20,31,27,37
2839,19,24,27,36,40,43,11,42
2837,4,9,10,11,21,28,7,33
2835,4,7,19,22,25,28,14,18
2833,9,11,20,30,41,45,6,40
2831,5,11,29,31,32,42,6,39
2829,1,4,10,27,33,44,13,31
2827,7,8,13,23,28,40,34,37
2825,2,5,18,24,36,42,35,38
2823,12,26,34,40,43,45,21,29
2821,3,9,14,24,40,42,28,36
2819,8,14,22,24,25,30,10,38
2817,8,9,33,34,40,43,11,32
2815,27,29,37,38,39,45,36,44
2813,3,9,20,31,40,45,8,44
2811,3,10,11,37,40,44,26,36
2809,3,12,17,24,37,44,21,36
2807,3,4,8,34,35,44,2,6
2805,2,12,20,27,30,31,8,32
2803,6,7,9,12,32,45,5,30
2801,15,30,32,33,34,45,41,44
2799,6,10,11,15,28,39,5,43
2797,1,3,6,21,22,40,4,24
2795,7,18,22,24,41,43,2,3
2793,4,30,34,35,38,41,6,10
2791,18,23,25,33,37,43,12,15
2789,20,21,31,32,38,39,2,11
2787,3,5,13,26,29,32,8,43
2785,5,8,17,29,32,40,2,38
2783,3,10,21,27,29,36,20,44
2781,6,10,26,35,39,43,21,27
2779,3,11,31,35,41,44,40,45
2777,5,15,18,19,21,30,33,34
2775,21,24,34,39,42,43,4,28
2773,1,9,13,19,24,41,34,38
2771,9,10,21,26,28,31,12,14
2769,12,26,30,31,40,42,2,4
2767,4,12,19,24,35,40,26,29
2765,3,19,22,29,37,43,12,15
2763,3,15,24,35,41,42,11,16
2761,4,7,13,21,29,38,8,34
